observation_date,CP0000DKM086NEST
1996-01-01,70.4
1996-02-01,70.8
1996-03-01,71.3
1996-04-01,71.5
1996-05-01,71.7
1996-06-01,71.6
1996-07-01,71.5
1996-08-01,71.6
1996-09-01,72.0
1996-10-01,72.1
1996-11-01,72.2
1996-12-01,72.1
1997-01-01,72.1
1997-02-01,72.3
1997-03-01,72.6
1997-04-01,72.7
1997-05-01,73.2
1997-06-01,73.3
1997-07-01,72.9
1997-08-01,73.1
1997-09-01,73.3
1997-10-01,73.3
1997-11-01,73.4
1997-12-01,73.2
1998-01-01,73.3
1998-02-01,73.5
1998-03-01,73.7
1998-04-01,73.9
1998-05-01,74.2
1998-06-01,74.2
1998-07-01,73.9
1998-08-01,73.8
1998-09-01,74.1
1998-10-01,74.1
1998-11-01,74.2
1998-12-01,74.0
1999-01-01,74.1
1999-02-01,74.5
1999-03-01,74.9
1999-04-01,75.1
1999-05-01,75.4
1999-06-01,75.6
1999-07-01,75.4
1999-08-01,75.7
1999-09-01,75.9
1999-10-01,76.0
1999-11-01,76.1
1999-12-01,76.3
2000-01-01,76.2
2000-02-01,76.6
2000-03-01,77.1
2000-04-01,77.3
2000-05-01,77.6
2000-06-01,77.8
2000-07-01,77.5
2000-08-01,77.3
2000-09-01,78.0
2000-10-01,78.2
2000-11-01,78.2
2000-12-01,78.1
2001-01-01,78.0
2001-02-01,78.4
2001-03-01,78.8
2001-04-01,79.3
2001-05-01,79.7
2001-06-01,79.6
2001-07-01,79.3
2001-08-01,79.2
2001-09-01,79.7
2001-10-01,79.7
2001-11-01,79.6
2001-12-01,79.7
2002-01-01,79.8
2002-02-01,80.3
2002-03-01,80.8
2002-04-01,81.2
2002-05-01,81.3
2002-06-01,81.3
2002-07-01,81.0
2002-08-01,81.1
2002-09-01,81.6
2002-10-01,81.8
2002-11-01,81.8
2002-12-01,81.8
2003-01-01,81.9
2003-02-01,82.5
2003-03-01,83.2
2003-04-01,83.1
2003-05-01,83.0
2003-06-01,82.9
2003-07-01,82.4
2003-08-01,82.4
2003-09-01,83.0
2003-10-01,82.8
2003-11-01,82.9
2003-12-01,82.8
2004-01-01,82.7
2004-02-01,83.1
2004-03-01,83.5
2004-04-01,83.6
2004-05-01,83.9
2004-06-01,83.7
2004-07-01,83.4
2004-08-01,83.1
2004-09-01,83.7
2004-10-01,84.1
2004-11-01,83.8
2004-12-01,83.6
2005-01-01,83.4
2005-02-01,84.0
2005-03-01,84.6
2005-04-01,85.0
2005-05-01,85.0
2005-06-01,85.1
2005-07-01,85.0
2005-08-01,85.0
2005-09-01,85.8
2005-10-01,85.7
2005-11-01,85.4
2005-12-01,85.5
2006-01-01,85.1
2006-02-01,85.8
2006-03-01,86.1
2006-04-01,86.6
2006-05-01,86.7
2006-06-01,86.9
2006-07-01,86.7
2006-08-01,86.7
2006-09-01,87.0
2006-10-01,86.9
2006-11-01,86.9
2006-12-01,86.9
2007-01-01,86.6
2007-02-01,87.4
2007-03-01,87.8
2007-04-01,88.0
2007-05-01,88.2
2007-06-01,88.0
2007-07-01,87.6
2007-08-01,87.4
2007-09-01,88.0
2007-10-01,88.4
2007-11-01,89.1
2007-12-01,89.0
2008-01-01,89.3
2008-02-01,90.2
2008-03-01,90.7
2008-04-01,91.0
2008-05-01,91.4
2008-06-01,91.7
2008-07-01,91.4
2008-08-01,91.6
2008-09-01,92.0
2008-10-01,91.8
2008-11-01,91.6
2008-12-01,91.2
2009-01-01,90.8
2009-02-01,91.7
2009-03-01,92.1
2009-04-01,92.0
2009-05-01,92.3
2009-06-01,92.5
2009-07-01,92.0
2009-08-01,92.3
2009-09-01,92.4
2009-10-01,92.5
2009-11-01,92.5
2009-12-01,92.2
2010-01-01,92.5
2010-02-01,93.4
2010-03-01,94.0
2010-04-01,94.2
2010-05-01,94.2
2010-06-01,94.0
2010-07-01,94.0
2010-08-01,94.4
2010-09-01,94.8
2010-10-01,94.6
2010-11-01,94.7
2010-12-01,94.8
2011-01-01,94.9
2011-02-01,95.8
2011-03-01,96.4
2011-04-01,96.9
2011-05-01,97.0
2011-06-01,96.8
2011-07-01,96.7
2011-08-01,96.7
2011-09-01,97.0
2011-10-01,97.2
2011-11-01,97.1
2011-12-01,97.1
2012-01-01,97.5
2012-02-01,98.4
2012-03-01,99.0
2012-04-01,99.0
2012-05-01,99.0
2012-06-01,98.9
2012-07-01,98.8
2012-08-01,99.2
2012-09-01,99.5
2012-10-01,99.4
2012-11-01,99.3
2012-12-01,98.9
2013-01-01,98.4
2013-02-01,99.5
2013-03-01,99.7
2013-04-01,99.5
2013-05-01,99.7
2013-06-01,99.5
2013-07-01,99.2
2013-08-01,99.3
2013-09-01,99.6
2013-10-01,99.8
2013-11-01,99.5
2013-12-01,99.4
2014-01-01,99.2
2014-02-01,99.8
2014-03-01,99.9
2014-04-01,100.0
2014-05-01,100.0
2014-06-01,99.9
2014-07-01,99.7
2014-08-01,99.6
2014-09-01,99.9
2014-10-01,100.0
2014-11-01,99.8
2014-12-01,99.5
2015-01-01,98.9
2015-02-01,99.7
2015-03-01,100.2
2015-04-01,100.4
2015-05-01,100.4
2015-06-01,100.3
2015-07-01,100.2
2015-08-01,99.9
2015-09-01,100.2
2015-10-01,100.1
2015-11-01,99.9
2015-12-01,99.8
2016-01-01,99.3
2016-02-01,99.8
2016-03-01,99.9
2016-04-01,100.1
2016-05-01,100.3
2016-06-01,100.4
2016-07-01,100.3
2016-08-01,99.9
2016-09-01,99.9
2016-10-01,100.2
2016-11-01,100.0
2016-12-01,100.1
2017-01-01,100.0
2017-02-01,100.7
2017-03-01,100.8
2017-04-01,101.1
2017-05-01,101.0
2017-06-01,100.8
2017-07-01,101.8
2017-08-01,101.4
2017-09-01,101.5
2017-10-01,101.6
2017-11-01,101.3
2017-12-01,100.9
2018-01-01,100.6
2018-02-01,101.2
2018-03-01,101.2
2018-04-01,101.8
2018-05-01,102.0
2018-06-01,101.9
2018-07-01,102.7
2018-08-01,102.2
2018-09-01,102.0
2018-10-01,102.3
2018-11-01,102.0
2018-12-01,101.6
2019-01-01,101.8
2019-02-01,102.3
2019-03-01,102.4
2019-04-01,102.7
2019-05-01,102.7
2019-06-01,102.4
2019-07-01,103.1
2019-08-01,102.7
2019-09-01,102.4
2019-10-01,102.9
2019-11-01,102.6
2019-12-01,102.4
2020-01-01,102.6
2020-02-01,103.0
2020-03-01,102.7
2020-04-01,102.6
2020-05-01,102.5
2020-06-01,102.6
2020-07-01,103.5
2020-08-01,103.1
2020-09-01,102.9
2020-10-01,103.2
2020-11-01,103.0
2020-12-01,102.8
2021-01-01,103.0
2021-02-01,103.5
2021-03-01,103.6
2021-04-01,104.1
2021-05-01,104.4
2021-06-01,104.5
2021-07-01,105.3
2021-08-01,105.0
2021-09-01,105.4
2021-10-01,106.5
2021-11-01,106.9
2021-12-01,106.3
2022-01-01,108.0
2022-02-01,109.0
2022-03-01,109.8
2022-04-01,111.8
2022-05-01,113.0
2022-06-01,114.0
2022-07-01,115.4
2022-08-01,115.4
2022-09-01,117.1
2022-10-01,118.6
2022-11-01,117.3
2022-12-01,116.5
2023-01-01,117.1
2023-02-01,118.0
2023-03-01,117.8
2023-04-01,118.1
2023-05-01,116.3
2023-06-01,116.7
2023-07-01,119.1
2023-08-01,118.1
2023-09-01,117.8
2023-10-01,118.1
2023-11-01,117.6
2023-12-01,117.0
2024-01-01,118.2
2024-02-01,118.7
2024-03-01,118.7
2024-04-01,118.7
2024-05-01,118.7
2024-06-01,118.8
2024-07-01,120.3
2024-08-01,119.7
2024-09-01,119.2
2024-10-01,120.0
2024-11-01,119.5
2024-12-01,119.1
2025-01-01,119.9
2025-02-01,121.1
2025-03-01,120.4
2025-04-01,120.5
2025-05-01,120.5
2025-06-01,120.9
